id_meeting,id,la_rating,la_rating_orig,la_rating_rounded,date_meeting
1,1444,6,sollte dem konkursverfahren zugefuehrt werden 15,6,30aug1990
2,42,6,sollte dem konkursverfahren zugefuehrt werden.,6,04sep1990
2,1308,2,2,2,04sep1990
2,10574,6,sollte dem konkursverfahren zugefuehrt werden.,6,04sep1990
2,79,5,5,5,04sep1990
2,1060,3,sanierungswuerdig,3,04sep1990
3,6214,1,1,1,06sep1990
3,14046,3.5,3 bis 4,4,06sep1990
3,1246,5,5,5,06sep1990
3,2649,4,4,4,06sep1990
3,2641,2,2,2,06sep1990
3,7419,6,sollte dem konkursverfahren zugeleitet werden,6,06sep1990
3,1539,1,das unternehmen hat keine probleme und wird von uns als nicht konkursgefaehrdet eingestuft.,1,06sep1990
3,729,3,3,3,06sep1990
3,1983,1.5,1 bis 2,2,06sep1990
4,10655,4.5,6 oder 3 mit kooperationspartner,5,11sep1990
4,2546,3,3,3,11sep1990
4,2631,4,4,4,11sep1990
4,523,4,4,4,11sep1990
4,3546,3,3,3,11sep1990
4,1985,4,4,4,11sep1990
4,5633,6,6,6,11sep1990
4,9680,2,2,2,11sep1990
4,5241,4,4,4,11sep1990
4,9894,3,3,3,11sep1990
5,5247,4,4,4,13sep1990
5,5430,5,sanierungsfaehigkeit erscheint zweifelhaft,5,13sep1990
5,5178,6,6,6,13sep1990
5,1793,6,konkursreif,6,13sep1990
5,62,2,2,2,13sep1990
5,13928,3,3,3,13sep1990
5,9824,6,schliessung der gesellschaft beabsichtigt.,6,13sep1990
5,6168,3,3,3,13sep1990
5,10018,6,konkurs oder stille liquidation,6,13sep1990
5,18052,1,1,1,13sep1990
5,765,4,4,4,13sep1990
6,13242,3,3,3,18sep1990
6,2913,3,3,3,18sep1990
6,110,2,2,2,18sep1990
6,9947,4,3 oder 5,4,18sep1990
6,1489,5,5,5,18sep1990
6,5833,2,2,2,18sep1990
7,13199,4,4,4,20sep1990
7,2104,3,3,3,20sep1990
7,4021,4,4,4,20sep1990
7,2714,4,4,4,20sep1990
7,2079,4,4,4,20sep1990
7,505,4,4,4,20sep1990
7,10708,2,2,2,20sep1990
7,9598,4,4,4,20sep1990
7,896,2,2,2,20sep1990
7,11990,6,sollte dem konkursverfahren zugefuehrt werden.,6,20sep1990
8,11498,3,3 (zwei von drei betriebsteilen) konkursverfahren (drittel teil),3,25sep1990
8,5597,3,3,3,25sep1990
8,5034,6,sollte dem konkursverfahren zugeleitet werden,6,25sep1990
8,951,4,4,4,25sep1990
8,1694,3,3,3,25sep1990
8,12706,4,4,4,25sep1990
8,10559,4,4,4,25sep1990
8,730,4.5,4 bis 5,5,25sep1990
8,5264,4,4,4,25sep1990
8,8277,6,sollte dem konkursverfahren zugeleitet werden,6,25sep1990
8,2495,1,1,1,25sep1990
8,739,1,arbeitet rentabel,1,25sep1990
8,8341,6,sollte dem konkursverfahren zugeleitet werden,6,25sep1990
8,5957,2,2,2,25sep1990
8,9677,3,3,3,25sep1990
9,2646,4,4,4,27sep1990
9,5800,6,sollte einem konkursverfahren zugefuehrt werden,6,27sep1990
9,332,2,2,2,27sep1990
9,5173,6,sollte dem konkursverfahren zugeleitet werden,6,27sep1990
9,12281,6,sollte einer liquidation zugefuehrt werden,6,27sep1990
9,1634,2,2,2,27sep1990
9,17620,4,4,4,27sep1990
9,9822,6,sollte der liquidation zugefuerhrt werden,6,27sep1990
9,5725,4,4,4,27sep1990
9,1998,4,4,4,27sep1990
9,2333,1,1,1,27sep1990
9,9829,3,3,3,27sep1990
9,1631,5,5,5,27sep1990
10,1357,5,sanierungsfaehigkeit zweifelhaft,5,02oct1990
10,3,4,4,4,02oct1990
10,732,3,3,3,02oct1990
10,513,4,4,4,02oct1990
10,1990,4,4,4,02oct1990
10,9673,3,3,3,02oct1990
10,9823,6,nicht sanierungswuerdig,6,02oct1990
10,15639,3,3,3,02oct1990
10,39,3,sanierungsfaehigkeit scheint gegeben,3,02oct1990
10,940,3,3,3,02oct1990
10,6013,4,4,4,02oct1990
10,9520,6,6,6,02oct1990
11,5097,3,3,3,06oct1990
11,1032,4,4,4,06oct1990
11,10720,4.5,note 4-5,5,06oct1990
11,64,5,sanierungsfaehigkeit zweifelhaft,5,06oct1990
11,2608,3,3,3,06oct1990
12,7225,1,1,1,09oct1990
12,5254,4,4,4,09oct1990
12,7127,5,5,5,09oct1990
12,13115,5,5,5,09oct1990
12,10795,3,3,3,09oct1990
12,7878,4,4,4,09oct1990
12,725,3,3,3,09oct1990
13,2642,3,3,3,11oct1990
13,5331,6,6,6,11oct1990
13,17250,2,2,2,11oct1990
13,452,2,2,2,11oct1990
13,95114,1,1,1,11oct1990
13,1635,2,2,2,11oct1990
14,741,3,3,3,16oct1990
14,1935,4,4,4,16oct1990
14,2348,4,4,4,16oct1990
14,5624,4,4,4,16oct1990
14,7412,4.5,4 bis 5,5,16oct1990
14,125,2,2,2,16oct1990
14,8638,6,sollte dem konkursverfahren zugeleitet werden,6,16oct1990
14,13155,3,3,3,16oct1990
14,4033,3,3,3,16oct1990
14,1963,4,4,4,16oct1990
14,1771,2,2,2,16oct1990
14,195,4,4,4,16oct1990
14,11053,4,4,4,16oct1990
14,2289,2,2,2,16oct1990
15,55,3,sanierungsfaehig,3,18oct1990
15,18729,2,2,2,18oct1990
15,8086,1,1,1,18oct1990
15,3355,4,4,4,18oct1990
15,3347,2,2,2,18oct1990
15,17144,5,5,5,18oct1990
15,1950,3,3,3,18oct1990
15,13178,4,4,4,18oct1990
15,18024,6,sollte dem konkursverfahren zugefuehrt werden,6,18oct1990
16,5996,4,4,4,23oct1990
16,9893,6,6,6,23oct1990
16,9845,1,1,1,23oct1990
16,3339,2,2,2,23oct1990
16,9555,5,5,5,23oct1990
16,5948,4,4,4,23oct1990
16,5169,2,2,2,23oct1990
16,798,2,2,2,23oct1990
16,2866,4,4,4,23oct1990
16,2578,6,stille liquidation,6,23oct1990
16,2356,2,2,2,23oct1990
16,9502,6,nicht sanierungswuerdig,6,23oct1990
17,1293,2,2,2,25oct1990
17,2616,2,2,2,25oct1990
17,738,2,2,2,25oct1990
17,103,2,2,2,25oct1990
17,803,2,2,2,25oct1990
17,1864,6,nicht sanierungswuerdig,6,25oct1990
17,9837,4,4,4,25oct1990
17,1242,3,3,3,25oct1990
17,1294,3,3,3,25oct1990
17,2328,1,1,1,25oct1990
17,14764,3,3,3,25oct1990
18,13226,5,sanierungsfaehigkeit zweifelhaft,5,30oct1990
18,215,5,sanierungsfaehigkeit zweifelhaft,5,30oct1990
18,9537,6,nicht sanierungswuerdig,6,30oct1990
18,8933,1,1,1,30oct1990
18,8825,5,sanierungsfaehigkeit zweifelhaft,5,30oct1990
18,111,4,4,4,30oct1990
19,1871,4,in teilbereichen sanierungswuerdig,4,01nov1990
19,1606,6,nicht sanierungswuerdig,6,01nov1990
19,4086,4,nur in teilbereichen sanierungswuerdig,4,01nov1990
19,1924,6,nicht sanierungswuerdig viskosefaser 6,6,01nov1990
19,41,6,nicht sanierungswuerdig,6,01nov1990
19,4013,4,3 in teilbereich,4,01nov1990
20,9826,6,nicht sanierungswuerdig,6,07nov1990
20,2214,4,4,4,07nov1990
20,9937,4,4,4,07nov1990
20,11479,4,4,4,07nov1990
20,11422,6,eingeleitetes liquidationsverfahren,6,07nov1990
20,1809,6,nicht sanierungswuerdig,6,07nov1990
20,9704,4.5,4 bis 5,5,07nov1990
20,454,3,3 bzw. 5,3,07nov1990
21,822,5,sanierungsfaehigkeit erscheint zweifelhaft,5,08nov1990
21,9432,4,4,4,08nov1990
21,37,3,3,3,08nov1990
21,1641,3,3,3,08nov1990
21,8163,4,4,4,08nov1990
21,98,4,4,4,08nov1990
21,3143,4,4,4,08nov1990
21,5722,5,sanierungsfaehigkeit erscheint zweifelhaft,5,08nov1990
21,1811,4,4,4,08nov1990
21,10583,4,4,4,08nov1990
21,3421,3,3,3,08nov1990
22,5860,6,nicht sanierungswuerdig,6,13nov1990
22,14938,3,3,3,13nov1990
22,1860,4,4,4,13nov1990
22,13128,4,4,4,13nov1990
22,1565,3,3,3,13nov1990
22,8085,4,4,4,13nov1990
22,2644,4,4,4,13nov1990
23,3428,6,6,6,15nov1990
23,1840,4,4,4,15nov1990
23,3135,4,4,4,15nov1990
23,12709,2,2,2,15nov1990
23,9754,4,4,4,15nov1990
23,460,1,1,1,15nov1990
23,9859,3,3,3,15nov1990
23,14903,5,5,5,15nov1990
23,5653,3,3,3,15nov1990
24,1171,3,3,3,20nov1990
24,14052,4,4,4,20nov1990
24,5290,6,liquidation,6,20nov1990
24,325,3,3,3,20nov1990
24,1664,6,nicht sanierungswuerdig,6,20nov1990
24,1245,5,5,5,20nov1990
24,3092,6,nicht sanierungswuerdig,6,20nov1990
24,2619,3,3,3,20nov1990
24,5353,6,nicht sanierungswuerdig,6,20nov1990
25,11533,6,6,6,22nov1990
25,11492,4,4,4,22nov1990
25,9839,4,4,4,22nov1990
25,1458,4,kommunikation ist sanierungswuerdig restbereich nicht,4,22nov1990
25,13064,5,5,5,22nov1990
25,15637,2,2,2,22nov1990
25,5065,5,5,5,22nov1990
26,5134,4,4,4,27nov1990
26,4046,4,4,4,27nov1990
26,13036,3,3,3,27nov1990
26,7424,6,6,6,27nov1990
26,92,4,4,4,27nov1990
26,15359,4,4,4,27nov1990
26,14521,5,sanierungsfaehigkeit zweifelhaft,5,27nov1990
26,802,1,1,1,27nov1990
26,2516,5,sanierungsfaehigkeit zweifelhaft,5,27nov1990
26,7534,3,3,3,27nov1990
27,5159,5,5,5,29nov1990
27,13434,4,4,4,29nov1990
27,7433,6,nicht sanierungswuerdig,6,29nov1990
27,1484,6,nicht sanierungswuerdig,6,29nov1990
27,18056,2,2,2,29nov1990
27,5262,5,sanierungsfaehigkeit zweifelhaft,5,29nov1990
27,2341,1,1,1,29nov1990
27,7906,2,2,2,29nov1990
27,1713,4,4,4,29nov1990
27,1813,4,4,4,29nov1990
27,6267,4,4,4,29nov1990
27,17934,4,4,4,29nov1990
27,635,5,sanierungsfaehigkeit zweifelhaft,5,29nov1990
28,749,3,3,3,04dec1990
28,9767,6,nicht sanierungswuerdig,6,04dec1990
28,169,6,nicht sanierungswuerdig,6,04dec1990
28,8329,5,sanierungsfaehigkeit zweifelhaft,5,04dec1990
28,101,3,3,3,04dec1990
28,14886,5,sanierungsfaehigkeit zweifelhaft,5,04dec1990
28,13161,4,4,4,04dec1990
29,13332,2,2,2,06dec1990
29,1819,4,4,4,06dec1990
29,15414,4,4,4,06dec1990
29,3333,4,4,4,06dec1990
29,1633,6,6,6,06dec1990
29,5726,6,nicht sanierungswuerdig,6,06dec1990
29,6332,5,5,5,06dec1990
29,1980,3,3,3,06dec1990
29,13163,3,3,3,06dec1990
29,88,6,nicht sanierungswuerdig,6,06dec1990
29,14889,5,sanierungsfaehigkeit zweifelhaft,5,06dec1990
30,52,3,3,3,11dec1990
30,2666,5,5,5,11dec1990
30,328,5,sanierungsfaehigkeit zweifelhaft,5,11dec1990
30,1283,3,3,3,11dec1990
30,12127,5,sanierungsfaehigkeit zweifelhaft,5,11dec1990
30,9956,4,4,4,11dec1990
31,6198,4,4,4,13dec1990
31,11228,4,4,4,13dec1990
31,9556,3,3,3,13dec1990
31,1753,3,3,3,13dec1990
31,12719,4,4,4,13dec1990
31,5969,4,4,4,13dec1990
31,13192,2,2,2,13dec1990
31,5116,3,3,3,13dec1990
31,2155,4,4,4,13dec1990
32,1202,3,3,3,18dec1990
32,2042,3,3,3,18dec1990
32,1310,3,3,3,18dec1990
32,11070,3,3,3,18dec1990
32,19954,3,3,3,18dec1990
32,2488,3,3,3,18dec1990
32,1791,5,5,5,18dec1990
32,12130,3,3,3,18dec1990
32,9798,2,2,2,18dec1990
32,9700,3,3,3,18dec1990
32,7254,3,3,3,18dec1990
32,638,3,3,3,18dec1990
32,1763,3,3,3,18dec1990
32,1675,4,4,4,18dec1990
33,1741,2,2,2,20dec1990
33,2481,4,4,4,20dec1990
33,1587,2,2,2,20dec1990
33,11176,3,3,3,20dec1990
33,352,3,3,3,20dec1990
33,1784,3,3,3,20dec1990
33,1618,5,sanierungsfaehigkeit zweifelhaft,5,20dec1990
33,1534,3,3,3,20dec1990
33,5348,3,3,3,20dec1990
33,1568,3,3,3,20dec1990
33,579,3,3,3,20dec1990
33,6314,3,3,3,20dec1990
33,1172,3,3,3,20dec1990
33,5166,3,3,3,20dec1990
33,5025,3,3,3,20dec1990
33,2313,1,1,1,20dec1990
33,823,3,3,3,20dec1990
34,14818,3,3,3,10jan1991
34,9835,3,3,3,10jan1991
34,2930,3,3,3,10jan1991
34,1557,3,3,3,10jan1991
34,230,3,3,3,10jan1991
34,200,3,3,3,10jan1991
34,1612,3,3,3,10jan1991
34,313,3,3,3,10jan1991
35,778,3,3,3,15jan1991
35,9769,3,3,3,15jan1991
35,210,3,3,3,15jan1991
35,5165,3,3,3,15jan1991
35,1330,3,3,3,15jan1991
35,3017,6,6,6,15jan1991
35,1091,3,3,3,15jan1991
35,15643,3,3,3,15jan1991
36,60,6,6,6,17jan1991
36,1420,3,3,3,17jan1991
36,728,3,3,3,17jan1991
36,1737,6,6,6,17jan1991
36,9567,3,3,3,17jan1991
36,2916,2,2,2,17jan1991
37,1197,3,3,3,22jan1991
37,1503,6,6,6,22jan1991
37,1953,3,3,3,22jan1991
37,727,3,3,3,22jan1991
37,303,3,3,3,22jan1991
37,163,2,2,2,22jan1991
38,3207,3,3,3,24jan1991
38,1028,3,3,3,24jan1991
39,2949,2,2,2,29jan1991
39,3563,3,3,3,29jan1991
39,532,3,3,3,29jan1991
39,3482,3,3,3,29jan1991
39,1192,6,6,6,29jan1991
39,1320,6,6,6,29jan1991
39,1346,4,4,4,29jan1991
40,1016,4,4,4,31jan1991
40,931,3,3,3,31jan1991
40,8704,3,3,3,31jan1991
40,9897,3,3,3,31jan1991
40,5189,3,3,3,31jan1991
40,233,3,3,3,31jan1991
41,5026,3,3,3,05feb1991
41,264,3,3,3,05feb1991
41,550,3,3,3,05feb1991
41,2934,2,2,2,05feb1991
41,14880,6,6,6,05feb1991
41,7554,2,2,2,05feb1991
41,19198,4,4,4,05feb1991
42,183,1,1,1,07feb1991
42,19272,3,3,3,07feb1991
42,12017,4,4,4,07feb1991
42,384,4,4,4,07feb1991
42,503,3,3,3,07feb1991
42,3169,6,6,6,07feb1991
43,13206,2,2,2,12feb1991
43,3539,2,2,2,12feb1991
43,9522,6,6,6,12feb1991
43,191,3,3,3,12feb1991
43,12975,3,3,3,12feb1991
43,178,3,3,3,12feb1991
44,973,3,3,3,14feb1991
44,9541,5,5,5,14feb1991
44,970,3,3,3,14feb1991
44,1424,5,5,5,14feb1991
44,128,6,6,6,14feb1991
44,1334,4,4,4,14feb1991
45,1603,5,5,5,19feb1991
45,1516,4,4,4,19feb1991
45,1863,3,3,3,19feb1991
45,1515,2,2,2,19feb1991
46,1501,3,3,3,21feb1991
46,1349,6,6,6,21feb1991
46,920,,.,,21feb1991
46,1039,3,3,3,21feb1991
46,3481,4,4,4,21feb1991
46,232,3,3,3,21feb1991
47,3551,4,4,4,26feb1991
48,630,3,3,3,28feb1991
48,9751,5,5,5,28feb1991
48,963,3,3,3,28feb1991
49,1915,4,4,4,05mar1991
49,5460,3,3,3,05mar1991
49,412,2,2,2,05mar1991
49,1556,3,3,3,05mar1991
49,10760,1,1,1,05mar1991
49,5619,4,4,4,05mar1991
49,253,3,3,3,05mar1991
49,1722,4,4,4,05mar1991
49,1574,3,3,3,05mar1991
49,291,3,3,3,05mar1991
49,1141,3,3,3,05mar1991
50,5040,5,5,5,07mar1991
50,783,3,3,3,07mar1991
50,14,3,3,3,07mar1991
50,13171,2,2,2,07mar1991
50,3251,6,6,6,07mar1991
50,193,3,3,3,07mar1991
50,1238,3,3,3,07mar1991
50,1019,3,3,3,07mar1991
50,4116,5,5,5,07mar1991
50,1831,4,4,4,07mar1991
50,1203,4,4,4,07mar1991
50,1844,5,5,5,07mar1991
50,927,3,3,3,07mar1991
50,141,3,3,3,07mar1991
50,5029,3,3,3,07mar1991
50,1913,4,4,4,07mar1991
50,886,3,3,3,07mar1991
50,99,3,3,3,07mar1991
50,9908,4,4,4,07mar1991
50,1465,2,2,2,07mar1991
50,1842,2,2,2,07mar1991
51,9615,5,5,5,12mar1991
51,662,3.5,3.1.2,4,12mar1991
51,3332,3.5,3.1.1,4,12mar1991
51,9904,3,3.1,3,12mar1991
51,1240,4,4.2,4,12mar1991
51,4101,2,2,2,12mar1991
51,1090,3,3.2,3,12mar1991
51,5496,6,6.1,6,12mar1991
51,2274,2,2,2,12mar1991
51,154,3.5,3.1.2,4,12mar1991
51,176,3.5,3.1.2,4,12mar1991
51,3142,2,2,2,12mar1991
52,1095,5,5,5,14mar1991
52,9905,3.5,3.1.1,4,14mar1991
52,9877,6,6.1,6,14mar1991
52,5203,3,elektrohandel: 3.1.2/ gashandel 3.1.1,3,14mar1991
52,9612,5,5,5,14mar1991
52,286,3.5,3.1.2,4,14mar1991
52,937,3,3.1,3,14mar1991
52,965,5,5,5,14mar1991
52,323,3.5,3.1.2,4,14mar1991
52,1279,3.5,3.1.2,4,14mar1991
52,331,3,3.2,3,14mar1991
52,9551,3,3.2,3,14mar1991
52,9611,3,3.2,3,14mar1991
53,12827,3,3.1,3,19mar1991
53,13002,5,5,5,19mar1991
53,1642,3.5,3.1.2,4,19mar1991
53,1193,2,2,2,19mar1991
53,398,6,6.1,6,19mar1991
53,5142,3.5,3.1.1,4,19mar1991
53,1459,4,4.2,4,19mar1991
53,9617,3,3.1,3,19mar1991
53,254,3.5,3.1.2,4,19mar1991
54,3454,3.5,3.1.1,4,21mar1991
54,5242,3.5,3.1.1,4,21mar1991
54,5219,3,3.2,3,21mar1991
54,1259,3.5,3.1.1,4,21mar1991
54,3490,3.5,3.1.2,4,21mar1991
54,308,3.5,3.1/3.2,4,21mar1991
54,1385,3.5,3.1.2,4,21mar1991
54,1456,6,6,6,21mar1991
54,871,3.5,3.1.2,4,21mar1991
54,15671,3,3.2,3,21mar1991
54,1387,4,4.2,4,21mar1991
54,4103,3,3.1,3,21mar1991
54,3311,4,4.2,4,21mar1991
54,5440,6,6.1,6,21mar1991
54,1483,3.5,3.1.1,4,21mar1991
54,681,4,4.2,4,21mar1991
54,974,3.5,3.1.1,4,21mar1991
55,1068,3.5,3.1.1,4,26mar1991
55,2369,3.5,3.1.1,4,26mar1991
55,1118,3.5,3.1.1,4,26mar1991
55,5043,3.5,3.1.1,4,26mar1991
55,1231,5,aluminium sparte:4.1/ elektro fertigung 6.1,5,26mar1991
55,9851,3,3.1,3,26mar1991
56,1519,4,4.1,4,04apr1991
56,1421,4,4.2,4,04apr1991
56,1388,4,4.2,4,04apr1991
56,1248,3.5,3.1.1,4,04apr1991
56,5404,6,6,6,04apr1991
56,5424,4,4.2,4,04apr1991
56,340,2,2,2,04apr1991
56,11806,3.5,3.1.1,4,04apr1991
56,1482,3.5,3.1.1,4,04apr1991
56,2618,3,3.2,3,04apr1991
56,9614,5,5,5,04apr1991
56,867,2,2,2,04apr1991
56,2294,3,3.2,3,04apr1991
56,1317,3,3.2,3,04apr1991
56,1311,3.5,3.1.1,4,04apr1991
56,1621,3.5,3.1.1,4,04apr1991
57,9526,3,3.2,3,09apr1991
57,1377,3.5,3.1.2,4,09apr1991
57,1163,3,3.2,3,09apr1991
57,202,2,2,2,09apr1991
57,2256,2,2,2,09apr1991
57,3491,2,2,2,09apr1991
57,9582,3,3.2,3,09apr1991
57,5126,3,3.2,3,09apr1991
57,378,3.5,3.1.2,4,09apr1991
58,429,5,5,5,11apr1991
58,1166,3,3.2,3,11apr1991
58,9693,3,3.2,3,11apr1991
58,1119,4,4.1,4,11apr1991
58,5807,3.5,3.1.2,4,11apr1991
58,687,3,3.2,3,11apr1991
58,1190,3,3.2,3,11apr1991
58,1113,1,1,1,11apr1991
58,2883,3,3.2,3,11apr1991
58,2626,4,4.2,4,11apr1991
58,5340,5,5,5,11apr1991
58,415,3,3.2,3,11apr1991
59,2315,2,2,2,16apr1991
59,14090,3.5,3.1.1,4,16apr1991
59,9534,3,3.2 jagdwaffen 3.1.2 luftgewehre 3.1.2 druckluftgewehre,3,16apr1991
59,258,3,3.2,3,16apr1991
59,9513,3,3.2,3,16apr1991
59,1930,6,6.1,6,16apr1991
59,1593,3.5,3.1.2,4,16apr1991
59,51,4,4.2,4,16apr1991
59,1890,4,4.2,4,16apr1991
59,3354,3.5,3.1.1,4,16apr1991
60,2257,4,4.2,4,18apr1991
60,1045,3.5,3.1.1,4,18apr1991
60,2391,3.5,3.1.2,4,18apr1991
60,910,3,3.1,3,18apr1991
60,2191,3.5,3.1.2,4,18apr1991
61,408,4,4.1,4,25apr1991
61,9688,3.5,3.1.1,4,25apr1991
61,967,4,4.2,4,25apr1991
61,2860,3,3.2,3,25apr1991
61,2361,4,4.2,4,25apr1991
61,646,3,3.2,3,25apr1991
61,1856,6,6,6,25apr1991
61,1504,3,3.2,3,25apr1991
61,649,3,3.1,3,25apr1991
62,462,3.5,3.1.1,4,30apr1991
62,2235,3.5,3.1.1,4,30apr1991
62,1433,6,6.1,6,30apr1991
62,915,3.5,3.1.1,4,30apr1991
62,771,4,4.2,4,30apr1991
63,9548,6,6,6,02may1991
63,1509,4,4.2,4,02may1991
63,5856,3.5,3.1.1,4,02may1991
63,5355,3.5,3.1.1,4,02may1991
63,5419,6,6,6,02may1991
63,5851,4,4.2,4,02may1991
63,5408,3.5,3.1.2,4,02may1991
63,5409,6,6,6,02may1991
63,5859,2,2,2,02may1991
63,5192,3,3.2,3,02may1991
64,1027,6,6.1,6,07may1991
64,1213,3.5,3.1.1,4,07may1991
64,804,6,6,6,07may1991
64,1094,5,5,5,07may1991
64,90,3.5,3.1.1,4,07may1991
64,9745,6,6,6,07may1991
64,1084,3.5,3.1.2,4,07may1991
64,2402,3.5,3.1.1,4,07may1991
64,7016,6,6,6,07may1991
64,680,3,3.2,3,07may1991
64,4026,3,3.2,3,07may1991
64,1684,4,4.1,4,07may1991
64,5372,3,3.2,3,07may1991
64,10742,2,2,2,07may1991
64,12590,2,2,2,07may1991
65,375,3.5,3.1.1,4,14may1991
65,9545,4,4.2,4,14may1991
65,9562,4,4.2,4,14may1991
65,9546,3.5,3.1.1,4,14may1991
65,5321,3.5,3.1.2,4,14may1991
65,3480,6,6,6,14may1991
65,1049,4,4.1,4,14may1991
65,5202,3,3.2,3,14may1991
65,1328,4,4.1,4,14may1991
65,9549,5,5,5,14may1991
65,11636,1,1,1,14may1991
65,7453,3.5,3.1.2,4,14may1991
65,295,2,2,2,14may1991
65,5028,4,4.2,4,14may1991
65,2433,3,3.2,3,14may1991
65,1356,3.5,3.1.2,4,14may1991
65,5099,4,4.2,4,14may1991
66,3176,6,6.1,6,16may1991
66,1235,3,3.1.1 druckme√ütechnik 3.1.1 automatisierung 5 allg e-technik,3,16may1991
66,1370,5,5,5,16may1991
66,444,4,4.2,4,16may1991
66,5132,3.5,3.1.2,4,16may1991
66,1497,6,6.2,6,16may1991
66,1064,3.5,3.1.2,4,16may1991
66,8535,4,4.1,4,16may1991
66,7294,3.5,3.1.1,4,16may1991
66,1399,4,4.2,4,16may1991
66,213,3,3.2,3,16may1991
66,9664,4,4.1,4,16may1991
67,1908,3,3.2,3,23may1991
67,1892,2,2,2,23may1991
67,1884,4,4.1,4,23may1991
67,1898,4,4.2,4,23may1991
67,1040,6,6.2,6,23may1991
67,1336,3,3.2,3,23may1991
67,929,4,4.1,4,23may1991
67,1129,3.5,3.1.2,4,23may1991
67,1689,2,2,2,23may1991
67,13108,4,4.1,4,23may1991
67,9639,4,4.2,4,23may1991
67,1071,6,6.1,6,23may1991
68,5410,5,5,5,25may1991
68,5121,4,4.1,4,25may1991
68,1250,4,4.2,4,25may1991
68,1123,4,4.2,4,25may1991
68,9542,3,3.2,3,25may1991
69,1222,3,3.2,3,28may1991
69,9698,3.5,3.1.1,4,28may1991
69,1132,5,5,5,28may1991
69,805,4,4.1,4,28may1991
69,9876,6,6.1,6,28may1991
69,2863,3,3.2,3,28may1991
69,5449,3.5,3.1.2,4,28may1991
70,9563,3.5,3.1.2,4,30may1991
70,1833,3,3.2,3,30may1991
70,15044,4,4.2,4,30may1991
70,1074,3.5,3.1.2,4,30may1991
70,245,5,5 technische keramik 3.1.1,5,30may1991
70,1021,4,4.1,4,30may1991
70,1384,3.5,3.1.2,4,30may1991
70,1333,4,4.2,4,30may1991
70,792,3,3.2,3,30may1991
70,1126,3.5,3.1.2,4,30may1991
70,1381,3.5,3.1.2,4,30may1991
70,1382,3.5,3.1.2,4,30may1991
70,2469,3.5,3.1.2,4,30may1991
70,1376,3.5,3.1.2,4,30may1991
70,7216,3.5,3.1.2,4,30may1991
70,3351,4,4.1,4,30may1991
70,1496,6,6,6,30may1991
71,7026,3.5,3.1.1,4,04jun1991
71,9755,6,6.1,6,04jun1991
71,5000,3,3.2,3,04jun1991
71,7025,3.5,3.1.2,4,04jun1991
71,5044,3.5,3.1.2,4,04jun1991
71,459,4,4.1,4,04jun1991
71,5030,4,4.2,4,04jun1991
72,993,3.5,3.1.1,4,06jun1991
72,3439,4,4.1,4,06jun1991
72,9605,5,5,5,06jun1991
72,2876,3,3.2,3,06jun1991
72,1438,5,5,5,06jun1991
72,5304,4,4.2,4,06jun1991
72,9996,2,2,2,06jun1991
72,2931,4,4.1,4,06jun1991
72,14890,3.5,3.1.2,4,06jun1991
72,1432,6,6,6,06jun1991
72,5370,3.5,3.1.2,4,06jun1991
72,5853,4,4.2,4,06jun1991
72,1835,3.5,3.1.2,4,06jun1991
72,7162,3.5,3.1.1,4,06jun1991
72,435,3,3,3,06jun1991
72,7000,2,2,2,06jun1991
72,326,5,5,5,06jun1991
72,11122,6,6.1,6,06jun1991
72,2874,4,4.1,4,06jun1991
73,1837,3.5,3.1.2,4,11jun1991
73,6160,3.5,3.1.2,4,11jun1991
73,1921,4,4.2,4,11jun1991
73,149,1,1,1,11jun1991
73,9729,3.5,3.1.1,4,11jun1991
73,1774,3.5,3.1.2,4,11jun1991
73,2744,2,2,2,11jun1991
73,917,4,4.1,4,11jun1991
73,9607,5,5,5,11jun1991
74,9852,4,4.2,4,13jun1991
74,3440,6,6.1,6,13jun1991
74,842,4,4.2,4,13jun1991
74,1554,5,5,5,13jun1991
74,2690,3,3.2,3,13jun1991
74,329,3.5,3.1.2,4,13jun1991
74,5319,3.5,3.1.2,4,13jun1991
74,795,6,6.1,6,13jun1991
74,942,4,4.1,4,13jun1991
74,1474,4,4.1,4,13jun1991
75,3522,3,3.2,3,18jun1991
75,2311,3,3.2,3,18jun1991
75,1233,3.5,3.1.1,4,18jun1991
75,5032,4,4.2,4,18jun1991
75,1500,4,4.2,4,18jun1991
75,9997,1,1,1,18jun1991
75,475,3.5,3.1.1,4,18jun1991
76,1772,4,4.1,4,20jun1991
76,1798,5,5,5,20jun1991
76,3555,2,2,2,20jun1991
76,1934,3,3.2,3,20jun1991
76,1779,4,4.1,4,20jun1991
76,1768,6,6,6,20jun1991
76,4034,3.5,3.1.2,4,20jun1991
76,362,4,4.1,4,20jun1991
76,1786,3,3.2,3,20jun1991
76,1800,6,6.1,6,20jun1991
76,1073,2,2,2,20jun1991
76,1767,6,6,6,20jun1991
76,1778,6,6,6,20jun1991
76,1780,6,6,6,20jun1991
77,901,6,6.1,6,25jun1991
77,1135,3.5,3.1.2,4,25jun1991
77,661,6,6.1,6,25jun1991
77,1070,3,3.1,3,25jun1991
77,841,3,3.1,3,25jun1991
77,1130,4,4.2,4,25jun1991
77,769,3.5,3.1.2,4,25jun1991
77,746,5,5,5,25jun1991
77,674,3,3.1,3,25jun1991
77,411,3.5,3.1.1,4,25jun1991
77,1152,5,5,5,25jun1991
77,1158,4,4.1,4,25jun1991
77,902,4,4.2,4,25jun1991
77,634,4,4.2,4,25jun1991
77,1059,3,3.2,3,25jun1991
77,629,4,4.1,4,25jun1991
77,1891,3.5,3.1.2,4,25jun1991
78,349,5,5,5,27jun1991
78,5346,3.5,3.1.2,4,27jun1991
78,5848,3.5,3.1.2,4,27jun1991
78,5295,3.5,3.1.1,4,27jun1991
78,5291,3.5,3.1.1,4,27jun1991
78,5122,4,4.2,4,27jun1991
78,5288,3.5,3.1.1,4,27jun1991
78,5659,3.5,3.1.1,4,27jun1991
78,404,4,4.1,4,27jun1991
78,5298,6,6.1,6,27jun1991
78,2932,3.5,3.1.1,4,27jun1991
78,5342,6,6.1,6,27jun1991
78,5344,6,6.1,6,27jun1991
78,5345,3.5,3.1.2,4,27jun1991
78,5294,3.5,3.1.2,4,27jun1991
78,5296,3.5,3.1.2,4,27jun1991
78,5310,5,5,5,27jun1991
78,5289,3.5,3.1.1,4,27jun1991
78,2249,3,3.2,3,27jun1991
